[{"process": "clash-win64.exe", "pid": 21000, "type": "tcp", "laddr": ["10.130.110.196", 52426], "raddr": ["183.240.253.97", 14564], "status": "\u5df2\u5efa\u7acb"}, {"process": "mDNSResponder.exe", "pid": 6244, "type": "udp", "laddr": ["169.254.211.255", 5353], "raddr": "None", "status": "\u672a\u77e5"}, {"process": "clash-win64.exe", "pid": 21000, "type": "tcp", "laddr": ["127.0.0.1", 50290], "raddr": "None", "status": "\u76d1\u542c"}, {"process": "msedge.exe", "pid": 10188, "type": "tcp", "laddr": ["127.0.0.1", 52579], "raddr": ["127.0.0.1", 7890], "status": "\u5df2\u5efa\u7acb"}]